{
 "bud": {
 "precision": 0.8156424581005587,
 "recall": 0.8957055214723927,
 "f1-score": 0.8538011695906433,
 "support": 163.0
 },
 "early_bloom": {
 "precision": 0.8013698630136986,
 "recall": 0.7697368421052632,
 "f1-score": 0.785234899328859,
 "support": 152.0
 },
 "full_bloom": {
 "precision": 0.9513888888888888,
 "recall": 0.8253012048192772,
 "f1-score": 0.8838709677419355,
 "support": 166.0
 },
 "late_bloom": {
 "precision": 0.865546218487395,
 "recall": 0.6602564102564102,
 "f1-score": 0.7490909090909091,
 "support": 156.0
 },
 "dormant": {
 "precision": 0.628140703517588,
 "recall": 0.8333333333333334,
 "f1-score": 0.7163323782234957,
 "support": 150.0
 },
 "accuracy": 0.7979669631512071,
 "macro avg": {
 "precision": 0.8124176264016258,
 "recall": 0.7968666623973354,
 "f1-score": 0.7976660647951686,
 "support": 787.0
 },
 "weighted avg": {
 "precision": 0.8156732033236349,
 "recall": 0.7979669631512071,
 "f1-score": 0.7999439828947,
 "support": 787.0
 }
}