{
 "bud": {
 "precision": 0.8452380952380952,
 "recall": 0.8658536585365854,
 "f1-score": 0.8554216867469879,
 "support": 164.0
 },
 "early_bloom": {
 "precision": 0.8169014084507042,
 "recall": 0.7631578947368421,
 "f1-score": 0.7891156462585034,
 "support": 152.0
 },
 "full_bloom": {
 "precision": 0.8778625954198473,
 "recall": 0.8041958041958042,
 "f1-score": 0.8394160583941606,
 "support": 143.0
 },
 "late_bloom": {
 "precision": 0.8852459016393442,
 "recall": 0.6878980891719745,
 "f1-score": 0.7741935483870968,
 "support": 157.0
 },
 "dormant": {
 "precision": 0.6548672566371682,
 "recall": 0.8554913294797688,
 "f1-score": 0.7418546365914789,
 "support": 173.0
 },
 "accuracy": 0.7972116603295311,
 "macro avg": {
 "precision": 0.8160230514770319,
 "recall": 0.7953193552241948,
 "f1-score": 0.8000003152756456,
 "support": 789.0
 },
 "weighted avg": {
 "precision": 0.8119113495617237,
 "recall": 0.7972116603295311,
 "f1-score": 0.7986824720345546,
 "support": 789.0
 }
}